name,state,district
A.P. University of Law,Andhra Pradesh,Visakhapatnam
Acharya N. G. Ranga Agricultural University,Andhra Pradesh,Hyderabad
Acharya Nagarjuna University,Andhra Pradesh,Guntur
Adikavi Nannaya University,Andhra Pradesh,Rajahmundry
Andhra Pradesh Open University,Andhra Pradesh,Hyderabad
Andhra University,Andhra Pradesh,Visakhapatnam
"Dr. B.R. Ambedkar University, Srikakulam",Andhra Pradesh,Etcherla
"Dr. Nandamuri Taraka Rama Rao University of Health Sciences, Andhra Pradesh",Andhra Pradesh,Vijayawada
Dravidian University,Andhra Pradesh,Kuppam
Jawaharlal Nehru Architecture and Fine Arts University,Andhra Pradesh,Hyderabad
"Jawaharlal Nehru Technological University, Anantapur",Andhra Pradesh,Anantapur
"Jawaharlal Nehru Technological University, Hyderabad",Andhra Pradesh,Hyderabad
"Jawaharlal Nehru Technological University, Kakinada",Andhra Pradesh,Kakinada
Kakatiya University,Andhra Pradesh,Warangal
Krishna University,Andhra Pradesh,Machilipatnam
"Mahatma Gandhi University, Nalgonda",Andhra Pradesh,Nalgonda
National Academy of Legal Studies and Research,Andhra Pradesh,Hyderabad
Osmania University,Andhra Pradesh,Hyderabad
Palamuru University,Andhra Pradesh,Mahabubnagar
Potti Sreeramulu Telugu University,Andhra Pradesh,Hyderabad
Rajiv Gandhi University of Knowledge Technologies,Andhra Pradesh,Hyderabad
Rayalaseema University,Andhra Pradesh,Kurnool
Satavahana University,Andhra Pradesh,Karimnagar
Sri Krishnadevaraya University,Andhra Pradesh,Anantapur
Sri Padmavati Mahila Visvavidyalayam,Andhra Pradesh,Tirupati
Sri Venkateswara Institute of Medical Sciences,Andhra Pradesh,Tirupati
Sri Venkateswara University,Andhra Pradesh,Tirupati
Sri Venkateswara Vedic University,Andhra Pradesh,Tirupati
Sri Venkateswara Veterinary University,Andhra Pradesh,Tirupati
Telangana University,Andhra Pradesh,Nizamabad
Vikrama Simhapuri University,Andhra Pradesh,Nellore
Yogi Vemana University,Andhra Pradesh,Kadapa
Assam Agricultural University,Assam,Jorhat
Dibrugarh University,Assam,Dibrugarh
Gauhati University,Assam,Guwahati
Krishna Kanta Handique State Open University,Assam,Guwahati
Aryabhatta Knowledge University,Bihar,Patna
B. R. Ambedkar Bihar University,Bihar,Muzzafarpur
Bhupendra Narayan Mandal University,Bihar,Madhepura
Chanakya National Law University,Bihar,Patna
Jai Prakash University,Bihar,Chhapra
Kameshwar Singh Darbhanga Sanskrit University,Bihar,Darbhanga
Lalit Narayan Mithila University,Bihar,Darbhanga
Magadh University,Bihar,"Gaya, India"
Maulana Mazharul Haque Arabic and Persian University,Bihar,Patna
Nalanda Open University,Bihar,Patna
Patna University,Bihar,Patna
Rajendra Agricultural University,Bihar,Pusa
Tilka Manjhi Bhagalpur University,Bihar,Bhagalpur
Veer Kunwar Singh University,Bihar,Arrah
"Panjab University, Chandigarh",Chandigarh,Chandigarh
Ayush and Health Sciences University of Chhattisgarh,Chhattisgarh,Raipur
Bastar University,Chhattisgarh,Jagdalpur
Chhattisgarh Swami Vivekanand Technical University,Chhattisgarh,Bhilai
Hidayatullah National Law University,Chhattisgarh,Raipur
Indira Gandhi Agricultural University,Chhattisgarh,Raipur
Indira Kala Sangeet University,Chhattisgarh,Khairagarh
Kushabhau Thakre Patrakarita Avam Jansanchar University,Chhattisgarh,Raipur
Pandit Ravishankar Shukla University,Chhattisgarh,Raipur
Pandit Sundarlal Sharma (Open) University,Chhattisgarh,Bilaspur
Sarguja University,Chhattisgarh,Ambikapur
Bharat Ratna Dr. B. R. Ambedkar University,Delhi,New Delhi
Delhi Technological University,Delhi,Delhi
Guru Gobind Singh Indraprastha University,Delhi,Delhi
Indraprastha Institute of Information Technology,Delhi,New Delhi
"National Law University, Delhi",Delhi,New Delhi
Goa University,Goa,Goa
Anand Agricultural University,Gujarat,Anand
Maharaja Krishnakumarsinhji Bhavnagar University,Gujarat,Bhavnagar
"Rai University, Ahmedabad",Gujarat,Ahmedabad
Centre for Environmental and Planning Technology University,Gujarat,Ahmedabad
Dharamsinh Desai University,Gujarat,Nadiad
Dr. Babasaheb Ambedkar Open University,Gujarat,Ahmedabad
Gujarat Ayurved University,Gujarat,Jamnagar
Gujarat Forensic Sciences University,Gujarat,Gandhinagar
Gujarat National Law University,Gujarat,Gandhinagar
Gujarat Technological University,Gujarat,Ahmedabad
Gujarat University,Gujarat,Ahmedabad
Hemchandracharya North Gujarat University,Gujarat,Patan
Krantiguru Shyamji Krishna Verma Kachchh University,Gujarat,Bhuj
Maharaja Sayajirao University of Baroda,Gujarat,Vadodara
Sardar Patel University,Gujarat,Vallabh Vidhyanagar
Sardarkrushinagar Dantiwada Agricultural University,Gujarat,Palanpur
Saurashtra University,Gujarat,Rajkot
Shree Somnath Sanskrit University,Gujarat,Veraval
Veer Narmad South Gujarat University,Gujarat,Surat
Bhagat Phool Singh Mahila Vishwavidyalaya,Haryana,Sonipat
Chaudhary Charan Singh Haryana Agricultural University,Haryana,Hisar
Chaudhary Devi Lal University,Haryana,Sirsa
Deenbandhu Chhotu Ram University of Science and Technology,Haryana,Murthal
Guru Jambheshwar University of Science and Technology,Haryana,Hisar
Kurukshetra University,Haryana,Kurukshetra
Lala Lajpat Rai University of Veterinary and Animal Sciences,Haryana,Hisar
Maharishi Dayanand University,Haryana,Rohtak
Pandit Bhagwat Dayal Sharma University of Health Sciences,Haryana,Rohtak
YMCA University of Science and Technology,Haryana,Faridabad
Chaudhary Sarwan Kumar Himachal Pradesh Krishi Vishvavidyalaya,Himachal Pradesh,Palampur
Dr. Yashwant Singh Parmar University of Horticulture and Forestry,Himachal Pradesh,Solan
Himachal Pradesh Technical University,Himachal Pradesh,Hamirpur
Himachal Pradesh University,Himachal Pradesh,Shimla
Baba Ghulam Shah Badhshah University,Jammu and Kashmir,Rajauri
Islamic University of Science and Technology,Jammu and Kashmir,Pulwama
Sher-e-Kashmir University of Agricultural Sciences and Technology of Kashmir,Jammu and Kashmir,Srinagar
Shri Mata Vaishno Devi University,Jammu and Kashmir,Katra
University of Jammu,Jammu and Kashmir,Jammu
University of Kashmir,Jammu and Kashmir,Srinagar
Birsa Agricultural University,Jharkhand,Ranchi
Kolhan University,Jharkhand,Chaibasa
National University of Study and Research in Law,Jharkhand,Ranchi
Nilamber-Pitamber University,Jharkhand,Palamu
Ranchi University,Jharkhand,Ranchi
Sido Kanhu University,Jharkhand,Dumka
Vinoba Bhave University,Jharkhand,Hazaribagh
Bangalore University,Karnataka,Bangalore
Davangere University,Karnataka,Davangere
Gulbarga University,Karnataka,Gulbarga
Kannada University,Karnataka,Hampi
Karnatak University,Karnataka,Dharwad
Karnataka Samskrit University,Karnataka,Bangalore
Karnataka State Law University,Karnataka,Hubli
Karnataka State Open University,Karnataka,Mysore
Karnataka State Women's University,Karnataka,Bijapur
"Karnataka Veterinary, Animal and Fisheries Sciences University",Karnataka,Bidar
KSGH Music and Performing Arts University,Karnataka,Mysore
Kuvempu University,Karnataka,Shimoga
Mangalore University,Karnataka,Konaje
National Law School of India University,Karnataka,Bangalore
Rajiv Gandhi University of Health Sciences,Karnataka,Bangalore
Rani Channamma University,Karnataka,Belgaum
Tumkur University,Karnataka,Tumkur
"University of Agricultural Sciences, Bangalore",Karnataka,Bangalore
"University of Agricultural Sciences, Dharwad",Karnataka,Dharwad
University of Mysore,Karnataka,Mysore
Visvesvaraya Technological University,Karnataka,Belgaum
Vijayanagara Sri Krishnadevaraya University,Karnataka,Bellary
Calicut University,Kerala,Tenhipalam
Cochin University of Science and Technology,Kerala,Kalamassery
Kannur University,Kerala,Kannur
Kerala Agricultural University,Kerala,Thrissur
Kerala University of Fisheries and Ocean Studies,Kerala,Kochi
Kerala University of Health Sciences,Kerala,Thrissur
Kerala Veterinary and Animal Sciences University,Kerala,Wayanad
Mahatma Gandhi University,Kerala,Kottayam
National University of Advanced Legal Studies,Kerala,Kochi
Sree Sankaracharya University of Sanskrit,Kerala,Kalady
University of Kerala,Kerala,Thiruvananthapuram
Awdhesh Pratap Singh University,Madhya Pradesh,Rewa
Barkatullah University,Madhya Pradesh,Bhopal
Devi Ahilya University,Madhya Pradesh,Indore
Jawaharlal Nehru Agricultural University,Madhya Pradesh,Jabalpur
Jiwaji University,Madhya Pradesh,Gwalior
Madhya Pradesh Bhoj Open University,Madhya Pradesh,Bhopal
Maharishi Mahesh Yogi Vedic Vishwavidyalaya,Madhya Pradesh,Katni
Maharshi Panini Sanskrit University,Madhya Pradesh,Ujjain
Mahatma Gandhi Chitrakoot Gramoday University,Madhya Pradesh,Chitrakoot
Makhanlal Chaturvedi National University of Journalism,Madhya Pradesh,Bhopal
National Law Institute University,Madhya Pradesh,Bhopal
Rajiv Gandhi Technical University,Madhya Pradesh,Bhopal
Rani Durgavati University,Madhya Pradesh,Jabalpur
Madhya Pradesh Pashu-Chikitsa Vigyan Vishwavidyalaya,Madhya Pradesh,Jabalpur
Vikram University,Madhya Pradesh,Ujjain
Dr. Babasaheb Ambedkar Marathwada University,Maharashtra,Aurangabad
Dr. Babasaheb Ambedkar Technological University,Maharashtra,Lonere
Dr. Balasaheb Sawant Konkan Krishi Vidyapeeth,Maharashtra,Dapoli
Dr. Panjabrao Deshmukh Krishi Vidyapeeth,Maharashtra,Akola
Kavi Kulguru Kalidas Sanskrit Vishwavidyalaya,Maharashtra,Nagpur
Maharashtra Animal and Fishery Sciences University,Maharashtra,Nagpur
Maharashtra University of Health Sciences,Maharashtra,Nashik
Mahatma Phule Krishi Vidyapeeth,Maharashtra,Rahuri
Marathwada Agricultural University,Maharashtra,Parbhani
North Maharashtra University,Maharashtra,Jalgaon
Rashtrasant Tukadoji Maharaj Nagpur University,Maharashtra,Nagpur
Sant Gadge Baba Amravati University,Maharashtra,Amravati
Shivaji University,Maharashtra,Kolhapur
Shreemati Nathibai Damodar Thackersey Women's University,Maharashtra,Mumbai
Solapur University,Maharashtra,Solapur
Swami Ramanand Teerth Marathwada University,Maharashtra,Nanded
University of Mumbai,Maharashtra,Mumbai
University of Pune,Maharashtra,Pune
Yashwantrao Chavan Maharashtra Open University,Maharashtra,Nashik
Berhampur University,Orissa,Berhampur
Biju Patnaik University of Technology,Orissa,Rourkela
Fakir Mohan University,Orissa,Balasore
"National Law University, Orissa",Orissa,Cuttack
North Orissa University,Orissa,Baripada
Orissa University of Agriculture and Technology,Orissa,Bhubaneswar
Ravenshaw University,Orissa,Cuttack
Sambalpur University,Orissa,Sambalpur
Shri Jagannath Sanskrit Vishvavidyalaya,Orissa,Puri
Utkal University,Orissa,Bhubaneswar
Utkal University of Culture,Orissa,Bhubaneswar
"Veer Surendra Sai University of Technology, Burla",Orissa,Sambalpur
Baba Farid University of Health Sciences,Punjab,Faridkot
Guru Angad Dev Veterinary and Animal Sciences University,Punjab,Ludhiana
Guru Nanak Dev University,Punjab,Amritsar
Punjab Agricultural University,Punjab,Ludhiana
Punjab Technical University,Punjab,Jalandhar
Punjabi University,Punjab,Patiala
Rajiv Gandhi National University of Law,Punjab,Patiala
Jagadguru Ramanadacharya Rajasthan Sanskrit University,Rajasthan,Jaipur
Jai Narain Vyas University,Rajasthan,Jodhpur
Maharaja Ganga Singh University,Rajasthan,Bikaner
Maharana Pratap University of Agriculture and Technology,Rajasthan,Udaipur
Maharshi Dayanand Saraswati University,Rajasthan,Ajmer
Mohanlal Sukhadia University,Rajasthan,Udaipur
"National Law University, Jodhpur",Rajasthan,Jodhpur
Rajasthan Agricultural University,Rajasthan,Bikaner
Rajasthan Ayurved University,Rajasthan,Jaipur
Rajasthan Technical University,Rajasthan,Kota
Rajasthan University of Health Sciences,Rajasthan,Jaipur
University of Kota,Rajasthan,Kota
University of Rajasthan,Rajasthan,Jaipur
Vardhaman Mahaveer Open University,Rajasthan,Kota
Alagappa University,Tamil Nadu,Karaikudi
"Anna University, Chennai",Tamil Nadu,Chennai
"Anna University of Technology, Chennai",Tamil Nadu,Chennai
"Anna University of Technology, Coimbatore",Tamil Nadu,Coimbatore
"Anna University of Technology, Madurai",Tamil Nadu,Madurai
"Anna University of Technology, Tiruchirappalli",Tamil Nadu,Tiruchirappalli
Anna University of Technology Tirunelveli,Tamil Nadu,Tirunelveli
Annamalai University,Tamil Nadu,Annamalai Nagar
Bharathiar University,Tamil Nadu,Coimbatore
Bharathidasan University,Tamil Nadu,Tiruchirappalli
Madurai Kamaraj University,Tamil Nadu,Madurai
Manonmaniam Sundaranar University,Tamil Nadu,Tirunelveli
Mother Teresa Women's University,Tamil Nadu,Kodaikanal
Periyar University,Tamil Nadu,Salem
Tamil University,Tamil Nadu,Thanjavur
Tamil Nadu Agricultural University,Tamil Nadu,Coimbatore
Tamil Nadu Dr. Ambedkar Law University,Tamil Nadu,Chennai
Tamil Nadu Dr. M.G.R. Medical University,Tamil Nadu,Chennai
Tamil Nadu Open University,Tamil Nadu,Chennai
Tamil Nadu Physical Education and Sports University,Tamil Nadu,Chennai
Tamil Nadu Teacher Education University,Tamil Nadu,Chennai
Tamil Nadu Veterinary and Animal Sciences University,Tamil Nadu,Chennai
Thiruvalluvar University,Tamil Nadu,Vellore
University of Madras,Tamil Nadu,Chennai
Bundelkhand University,Uttar Pradesh,Jhansi
Chandra Shekhar Azad University of Agriculture and Technology,Uttar Pradesh,Kanpur
Chaudhary Charan Singh University,Uttar Pradesh,Meerut
Chhatrapati Shahuji Maharaj Medical University,Uttar Pradesh,Lucknow
Chhatrapati Shahu Ji Maharaj University,Uttar Pradesh,Kanpur
Deen Dayal Upadhyay Gorakhpur University,Uttar Pradesh,Gorakhpur
Dr. B. R. Ambedkar University,Uttar Pradesh,Agra
Dr. Ram Manohar Lohia Avadh University,Uttar Pradesh,Faizabad
Dr. Ram Manohar Lohia National Law University,Uttar Pradesh,Lucknow
Dr. Shakuntala Misra Rehabilitation University,Uttar Pradesh,Lucknow
Gautam Buddha University,Uttar Pradesh,Greater Noida
Gautam Buddh Technical University,Uttar Pradesh,Lucknow
M. J. P. Rohilkhand University,Uttar Pradesh,Bareilly
Mahamaya Technical University,Uttar Pradesh,Noida
Mahatma Gandhi Kashi Vidyapeeth,Uttar Pradesh,Varanasi
"Manyavar Sri Kanshi Ram Ji Urdu, Arabi~Farsi University",Uttar Pradesh,Lucknow
Narendra Dev University of Agriculture and Technology,Uttar Pradesh,Faizabad
Sampurnanand Sanskrit University,Uttar Pradesh,Varanasi
Sardar Vallabhbhai Patel University of Agriculture and Technology,Uttar Pradesh,Meerut
University of Lucknow,Uttar Pradesh,Lucknow
Uttar Pradesh King George's University of Dental Sciences,Uttar Pradesh,Lucknow
Uttar Pradesh Rajarshi Tandon Open University,Uttar Pradesh,Allahabad
Veer Bahadur Singh Purvanchal University,Uttar Pradesh,Jaunpur
Doon University,Uttarakhand,Dehradun
G. B. Pant University of Agriculture and Technology,Uttarakhand,Pantnagar
Kumaun University,Uttarakhand,Nainital
Uttarakhand Open University,Uttarakhand,Haldwani
Uttarakhand Technical University,Uttarakhand,Dehradun
Uttaranchal Sanskrit University,Uttarakhand,Haridwar
Aliah University,West Bengal,Kolkata
"Bengal Engineering and Science University, Shibpur",West Bengal,Shibpur
Bidhan Chandra Krishi Viswavidyalaya,West Bengal,Haringhata
Jadavpur University,West Bengal,Kolkata
Netaji Subhas Open University,West Bengal,Kolkata
"Presidency University, Kolkata",West Bengal,Kolkata
Rabindra Bharati University,West Bengal,Kolkata
Sidho Kanho Birsha University,West Bengal,Purulia
University of Burdwan,West Bengal,Bardhaman
University of Calcutta,West Bengal,Kolkata
University of Gour Banga,West Bengal,Malda
University of Kalyani,West Bengal,Kalyani
University of North Bengal,West Bengal,Siliguri
Uttar Banga Krishi Vishwavidyalaya,West Bengal,Cooch Behar
Vidyasagar University,West Bengal,Medinipur
West Bengal State University,West Bengal,Barasat
West Bengal National University of Juridical Sciences,West Bengal,Kolkata
West Bengal University of Animal and Fishery Sciences,West Bengal,Kolkata
West Bengal University of Health Sciences,West Bengal,Kolkata
West Bengal University of Technology,West Bengal,Kolkata
English and Foreign Languages University,Andhra Pradesh,Hyderabad
Maulana Azad National Urdu University,Andhra Pradesh,Hyderabad
University of Hyderabad,Andhra Pradesh,Hyderabad
Rajiv Gandhi University,Arunachal Pradesh,Itanagar
Assam University,Assam,Silchar
Tezpur University,Assam,Tezpur
Central University of Bihar,Bihar,Gaya
Guru Ghasidas University,Chhattisgarh,Bilaspur
Indira Gandhi National Open University,Delhi,New Delhi
Jamia Millia Islamia,Delhi,New Delhi
Jawaharlal Nehru University,Delhi,New Delhi
University of Delhi,Delhi,New Delhi
Central University of Gujarat,Gujarat,Gandhinagar
Central University of Haryana,Haryana,Mahendragarh
Central University of Himachal Pradesh,Himachal Pradesh,Dharamsala
Central University of Jammu,Jammu and Kashmir,Jammu
Central University of Kashmir,Jammu and Kashmir,Srinagar
Central University of Jharkhand,Jharkhand,Ranchi
Central University of Karnataka,Karnataka,Gulbarga
Central University of Kerala,Kerala,Kasaragod
Dr. Hari Singh Gour University,Madhya Pradesh,Sagar
Indira Gandhi National Tribal University,Madhya Pradesh,Amarkantak
Mahatma Gandhi Antarrashtriya Hindi Vishwavidyalaya,Maharashtra,Wardha
Central Agricultural University,Manipur,Imphal
Manipur University,Manipur,Imphal
North Eastern Hill University,Meghalaya,Shillong
Mizoram University,Mizoram,Aizawl
Nagaland University,Nagaland,Kohima
Central University of Orissa,Orissa,Koraput
Pondicherry University,Puducherry,Pondicherry
Central University of Punjab,Punjab,Bathinda
Central University of Rajasthan,Rajasthan,Jaipur
Sikkim University,Sikkim,Gangtok
Central University of Tamil Nadu,Tamil Nadu,Tiruvarur
Indian Maritime University,Tamil Nadu,Chennai
Tripura University,Tripura,Agartala
Aligarh Muslim University,Uttar Pradesh,Aligarh
Allahabad University,Uttar Pradesh,Allahabad
Babasaheb Bhimrao Ambedkar University,Uttar Pradesh,Lucknow
Banaras Hindu University,Uttar Pradesh,Varanasi
Hemwati Nandan Bahuguna Garhwal University,Uttarakhand,Srinagar
Visva-Bharati University,West Bengal,Santiniketan
